H2,H,O,O2,OH,H2O,HO2,H2O2,N2
0.051083148,0.764217962,0.191897372,0.854197984,0.644267366,0.122241848,0.931119135,0.413549164,0.429957831
0.874464469,0.114871479,0.821833921,0.695464526,0.329278875,0.430676334,0.895024072,0.735321285,0.607241005